GEOID,NAME,estimate,Year,County,State
"37041","Chowan County, North Carolina",45932,2010,Chowan County,NC
"37043","Clay County, North Carolina",39406,2010,Chowan County,NC
"37045","Cleveland County, North Carolina",47460,2010,Chowan County,NC
"37059","Davie County, North Carolina",61659,2010,Chowan County,NC
"37063","Durham County, North Carolina",62890,2010,Chowan County,NC
"37067","Forsyth County, North Carolina",59867,2010,Chowan County,NC
"37069","Franklin County, North Carolina",51591,2010,Chowan County,NC
"37071","Gaston County, North Carolina",53366,2010,Chowan County,NC
"37001","Alamance County, North Carolina",52806,2010,Chowan County,NC
"37009","Ashe County, North Carolina",46537,2010,Chowan County,NC
"37013","Beaufort County, North Carolina",49668,2010,Chowan County,NC
"37015","Bertie County, North Carolina",39443,2010,Chowan County,NC
"37017","Bladen County, North Carolina",41937,2010,Chowan County,NC
"37019","Brunswick County, North Carolina",54644,2010,Chowan County,NC
"37021","Buncombe County, North Carolina",54981,2010,Chowan County,NC
"37031","Carteret County, North Carolina",56842,2010,Chowan County,NC
"37039","Cherokee County, North Carolina",44949,2010,Chowan County,NC
"37047","Columbus County, North Carolina",45193,2010,Chowan County,NC
"37049","Craven County, North Carolina",53604,2010,Chowan County,NC
"37051","Cumberland County, North Carolina",50910,2010,Chowan County,NC
"37053","Currituck County, North Carolina",66213,2010,Chowan County,NC
"37055","Dare County, North Carolina",65778,2010,Chowan County,NC
"37057","Davidson County, North Carolina",54652,2010,Chowan County,NC
"37061","Duplin County, North Carolina",40774,2010,Chowan County,NC
"37065","Edgecombe County, North Carolina",41857,2010,Chowan County,NC
"37075","Graham County, North Carolina",34831,2010,Chowan County,NC
"37083","Halifax County, North Carolina",40569,2010,Chowan County,NC
"37085","Harnett County, North Carolina",52708,2010,Chowan County,NC
"37087","Haywood County, North Carolina",51596,2010,Chowan County,NC
"37089","Henderson County, North Carolina",58381,2010,Chowan County,NC
"37093","Hoke County, North Carolina",47281,2010,Chowan County,NC
"37095","Hyde County, North Carolina",44406,2010,Chowan County,NC
"37099","Jackson County, North Carolina",49500,2010,Chowan County,NC
"37101","Johnston County, North Carolina",58187,2010,Chowan County,NC
"37103","Jones County, North Carolina",45876,2010,Chowan County,NC
"37111","McDowell County, North Carolina",47243,2010,Chowan County,NC
"37113","Macon County, North Carolina",46702,2010,Chowan County,NC
"37115","Madison County, North Carolina",49838,2010,Chowan County,NC
"37117","Martin County, North Carolina",43293,2010,Chowan County,NC
"37119","Mecklenburg County, North Carolina",67375,2010,Chowan County,NC
"37121","Mitchell County, North Carolina",41727,2010,Chowan County,NC
"37125","Moore County, North Carolina",61068,2010,Chowan County,NC
"37127","Nash County, North Carolina",55186,2010,Chowan County,NC
"37129","New Hanover County, North Carolina",65188,2010,Chowan County,NC
"37131","Northampton County, North Carolina",40230,2010,Chowan County,NC
"37133","Onslow County, North Carolina",48380,2010,Chowan County,NC
"37141","Pender County, North Carolina",54087,2010,Chowan County,NC
"37145","Person County, North Carolina",54747,2010,Chowan County,NC
"37147","Pitt County, North Carolina",53432,2010,Chowan County,NC
"37153","Richmond County, North Carolina",38881,2010,Chowan County,NC
"37155","Robeson County, North Carolina",34788,2010,Chowan County,NC
"37161","Rutherford County, North Carolina",43702,2010,Chowan County,NC
"37167","Stanly County, North Carolina",58125,2010,Chowan County,NC
"37173","Swain County, North Carolina",48101,2010,Chowan County,NC
"37175","Transylvania County, North Carolina",52674,2010,Chowan County,NC
"37181","Vance County, North Carolina",41025,2010,Chowan County,NC
"37193","Wilkes County, North Carolina",43439,2010,Chowan County,NC
"37199","Yancey County, North Carolina",42252,2010,Chowan County,NC
"37003","Alexander County, North Carolina",51431,2010,Chowan County,NC
"37005","Alleghany County, North Carolina",38535,2010,Chowan County,NC
"37007","Anson County, North Carolina",39612,2010,Chowan County,NC
"37011","Avery County, North Carolina",47644,2010,Chowan County,NC
"37023","Burke County, North Carolina",46799,2010,Chowan County,NC
"37025","Cabarrus County, North Carolina",65594,2010,Chowan County,NC
"37027","Caldwell County, North Carolina",48462,2010,Chowan County,NC
"37033","Caswell County, North Carolina",44401,2010,Chowan County,NC
"37035","Catawba County, North Carolina",53285,2010,Chowan County,NC
"37037","Chatham County, North Carolina",66120,2010,Chowan County,NC
"37143","Perquimans County, North Carolina",48870,2010,Chowan County,NC
"37149","Polk County, North Carolina",55846,2010,Chowan County,NC
"37151","Randolph County, North Carolina",49257,2010,Chowan County,NC
"37157","Rockingham County, North Carolina",48641,2010,Chowan County,NC
"37159","Rowan County, North Carolina",52850,2010,Chowan County,NC
"37073","Gates County, North Carolina",55559,2010,Chowan County,NC
"37077","Granville County, North Carolina",57203,2010,Chowan County,NC
"37079","Greene County, North Carolina",48409,2010,Chowan County,NC
"37081","Guilford County, North Carolina",59367,2010,Chowan County,NC
"37091","Hertford County, North Carolina",39973,2010,Chowan County,NC
"37097","Iredell County, North Carolina",59639,2010,Chowan County,NC
"37105","Lee County, North Carolina",53375,2010,Chowan County,NC
"37107","Lenoir County, North Carolina",42317,2010,Chowan County,NC
"37109","Lincoln County, North Carolina",54765,2010,Chowan County,NC
"37123","Montgomery County, North Carolina",43740,2010,Chowan County,NC
"37135","Orange County, North Carolina",79811,2010,Chowan County,NC
"37137","Pamlico County, North Carolina",51630,2010,Chowan County,NC
"37139","Pasquotank County, North Carolina",54785,2010,Chowan County,NC
"37165","Scotland County, North Carolina",37232,2010,Chowan County,NC
"37169","Stokes County, North Carolina",49134,2010,Chowan County,NC
"37171","Surry County, North Carolina",47248,2010,Chowan County,NC
"37177","Tyrrell County, North Carolina",37708,2010,Chowan County,NC
"37179","Union County, North Carolina",71538,2010,Chowan County,NC
"37183","Wake County, North Carolina",81461,2010,Chowan County,NC
"37185","Warren County, North Carolina",40323,2010,Chowan County,NC
"37187","Washington County, North Carolina",41007,2010,Chowan County,NC
"37189","Watauga County, North Carolina",56112,2010,Chowan County,NC
"37191","Wayne County, North Carolina",49504,2010,Chowan County,NC
"37195","Wilson County, North Carolina",47716,2010,Chowan County,NC
"37197","Yadkin County, North Carolina",50990,2010,Chowan County,NC
"37163","Sampson County, North Carolina",44296,2010,Chowan County,NC
"37029","Camden County, North Carolina",74320,2010,Chowan County,NC
"37197","Yadkin County, North Carolina",52199,2011,Yadkin County,NC
"37107","Lenoir County, North Carolina",43319,2011,Yadkin County,NC
"37117","Martin County, North Carolina",45471,2011,Yadkin County,NC
"37099","Jackson County, North Carolina",49761,2011,Yadkin County,NC
"37077","Granville County, North Carolina",57380,2011,Yadkin County,NC
"37045","Cleveland County, North Carolina",47378,2011,Yadkin County,NC
"37037","Chatham County, North Carolina",69431,2011,Yadkin County,NC
"37071","Gaston County, North Carolina",53484,2011,Yadkin County,NC
"37141","Pender County, North Carolina",54536,2011,Yadkin County,NC
"37087","Haywood County, North Carolina",52444,2011,Yadkin County,NC
"37083","Halifax County, North Carolina",41190,2011,Yadkin County,NC
"37081","Guilford County, North Carolina",59962,2011,Yadkin County,NC
"37059","Davie County, North Carolina",62730,2011,Yadkin County,NC
"37153","Richmond County, North Carolina",40625,2011,Yadkin County,NC
"37003","Alexander County, North Carolina",49627,2011,Yadkin County,NC
"37089","Henderson County, North Carolina",60447,2011,Yadkin County,NC
"37095","Hyde County, North Carolina",42121,2011,Yadkin County,NC
"37183","Wake County, North Carolina",83107,2011,Yadkin County,NC
"37053","Currituck County, North Carolina",64886,2011,Yadkin County,NC
"37049","Craven County, North Carolina",56233,2011,Yadkin County,NC
"37017","Bladen County, North Carolina",42099,2011,Yadkin County,NC
"37079","Greene County, North Carolina",50858,2011,Yadkin County,NC
"37113","Macon County, North Carolina",48852,2011,Yadkin County,NC
"37023","Burke County, North Carolina",47754,2011,Yadkin County,NC
"37145","Person County, North Carolina",52490,2011,Yadkin County,NC
"37177","Tyrrell County, North Carolina",45186,2011,Yadkin County,NC
"37125","Moore County, North Carolina",63139,2011,Yadkin County,NC
"37167","Stanly County, North Carolina",57086,2011,Yadkin County,NC
"37195","Wilson County, North Carolina",47443,2011,Yadkin County,NC
"37135","Orange County, North Carolina",82309,2011,Yadkin County,NC
"37063","Durham County, North Carolina",63538,2011,Yadkin County,NC
"37191","Wayne County, North Carolina",50273,2011,Yadkin County,NC
"37085","Harnett County, North Carolina",52912,2011,Yadkin County,NC
"37127","Nash County, North Carolina",55449,2011,Yadkin County,NC
"37159","Rowan County, North Carolina",53188,2011,Yadkin County,NC
"37115","Madison County, North Carolina",50359,2011,Yadkin County,NC
"37175","Transylvania County, North Carolina",53422,2011,Yadkin County,NC
"37151","Randolph County, North Carolina",49294,2011,Yadkin County,NC
"37111","McDowell County, North Carolina",46239,2011,Yadkin County,NC
"37019","Brunswick County, North Carolina",53587,2011,Yadkin County,NC
"37119","Mecklenburg County, North Carolina",68218,2011,Yadkin County,NC
"37031","Carteret County, North Carolina",59229,2011,Yadkin County,NC
"37051","Cumberland County, North Carolina",51760,2011,Yadkin County,NC
"37007","Anson County, North Carolina",40026,2011,Yadkin County,NC
"37043","Clay County, North Carolina",43067,2011,Yadkin County,NC
"37093","Hoke County, North Carolina",52240,2011,Yadkin County,NC
"37123","Montgomery County, North Carolina",42716,2011,Yadkin County,NC
"37039","Cherokee County, North Carolina",44916,2011,Yadkin County,NC
"37199","Yancey County, North Carolina",46670,2011,Yadkin County,NC
"37065","Edgecombe County, North Carolina",42280,2011,Yadkin County,NC
"37105","Lee County, North Carolina",53470,2011,Yadkin County,NC
"37169","Stokes County, North Carolina",50881,2011,Yadkin County,NC
"37173","Swain County, North Carolina",50840,2011,Yadkin County,NC
"37103","Jones County, North Carolina",49291,2011,Yadkin County,NC
"37143","Perquimans County, North Carolina",49340,2011,Yadkin County,NC
"37189","Watauga County, North Carolina",59845,2011,Yadkin County,NC
"37015","Bertie County, North Carolina",41043,2011,Yadkin County,NC
"37171","Surry County, North Carolina",45670,2011,Yadkin County,NC
"37161","Rutherford County, North Carolina",45064,2011,Yadkin County,NC
"37163","Sampson County, North Carolina",45000,2011,Yadkin County,NC
"37005","Alleghany County, North Carolina",40092,2011,Yadkin County,NC
"37187","Washington County, North Carolina",48002,2011,Yadkin County,NC
"37091","Hertford County, North Carolina",40520,2011,Yadkin County,NC
"37147","Pitt County, North Carolina",54603,2011,Yadkin County,NC
"37047","Columbus County, North Carolina",45800,2011,Yadkin County,NC
"37149","Polk County, North Carolina",53743,2011,Yadkin County,NC
"37075","Graham County, North Carolina",38722,2011,Yadkin County,NC
"37101","Johnston County, North Carolina",58809,2011,Yadkin County,NC
"37137","Pamlico County, North Carolina",54347,2011,Yadkin County,NC
"37035","Catawba County, North Carolina",54396,2011,Yadkin County,NC
"37193","Wilkes County, North Carolina",42453,2011,Yadkin County,NC
"37185","Warren County, North Carolina",43122,2011,Yadkin County,NC
"37029","Camden County, North Carolina",74943,2011,Yadkin County,NC
"37001","Alamance County, North Carolina",54605,2011,Yadkin County,NC
"37057","Davidson County, North Carolina",55015,2011,Yadkin County,NC
"37011","Avery County, North Carolina",48132,2011,Yadkin County,NC
"37131","Northampton County, North Carolina",38790,2011,Yadkin County,NC
"37165","Scotland County, North Carolina",37700,2011,Yadkin County,NC
"37061","Duplin County, North Carolina",41536,2011,Yadkin County,NC
"37109","Lincoln County, North Carolina",60086,2011,Yadkin County,NC
"37027","Caldwell County, North Carolina",48462,2011,Yadkin County,NC
"37041","Chowan County, North Carolina",43030,2011,Yadkin County,NC
"37069","Franklin County, North Carolina",53243,2011,Yadkin County,NC
"37067","Forsyth County, North Carolina",60235,2011,Yadkin County,NC
"37097","Iredell County, North Carolina",61114,2011,Yadkin County,NC
"37181","Vance County, North Carolina",41653,2011,Yadkin County,NC
"37179","Union County, North Carolina",72402,2011,Yadkin County,NC
"37021","Buncombe County, North Carolina",55673,2011,Yadkin County,NC
"37033","Caswell County, North Carolina",46433,2011,Yadkin County,NC
"37129","New Hanover County, North Carolina",66039,2011,Yadkin County,NC
"37157","Rockingham County, North Carolina",48112,2011,Yadkin County,NC
"37013","Beaufort County, North Carolina",51282,2011,Yadkin County,NC
"37055","Dare County, North Carolina",66628,2011,Yadkin County,NC
"37139","Pasquotank County, North Carolina",56995,2011,Yadkin County,NC
"37009","Ashe County, North Carolina",47708,2011,Yadkin County,NC
"37073","Gates County, North Carolina",56350,2011,Yadkin County,NC
"37133","Onslow County, North Carolina",49914,2011,Yadkin County,NC
"37155","Robeson County, North Carolina",35814,2011,Yadkin County,NC
"37121","Mitchell County, North Carolina",43629,2011,Yadkin County,NC
"37025","Cabarrus County, North Carolina",66290,2011,Yadkin County,NC
"37149","Polk County, North Carolina",50362,2012,Polk County,NC
"37039","Cherokee County, North Carolina",44218,2012,Polk County,NC
"37011","Avery County, North Carolina",48615,2012,Polk County,NC
"37189","Watauga County, North Carolina",60449,2012,Polk County,NC
"37093","Hoke County, North Carolina",53088,2012,Polk County,NC
"37159","Rowan County, North Carolina",50888,2012,Polk County,NC
"37015","Bertie County, North Carolina",42284,2012,Polk County,NC
"37101","Johnston County, North Carolina",59349,2012,Polk County,NC
"37079","Greene County, North Carolina",49753,2012,Polk County,NC
"37083","Halifax County, North Carolina",41838,2012,Polk County,NC
"37087","Haywood County, North Carolina",52291,2012,Polk County,NC
"37017","Bladen County, North Carolina",41920,2012,Polk County,NC
"37043","Clay County, North Carolina",46201,2012,Polk County,NC
"37053","Currituck County, North Carolina",67932,2012,Polk County,NC
"37033","Caswell County, North Carolina",48471,2012,Polk County,NC
"37049","Craven County, North Carolina",56148,2012,Polk County,NC
"37075","Graham County, North Carolina",40143,2012,Polk County,NC
"37029","Camden County, North Carolina",69800,2012,Polk County,NC
"37081","Guilford County, North Carolina",59244,2012,Polk County,NC
"37085","Harnett County, North Carolina",53589,2012,Polk County,NC
"37147","Pitt County, North Carolina",55149,2012,Polk County,NC
"37061","Duplin County, North Carolina",42254,2012,Polk County,NC
"37035","Catawba County, North Carolina",54106,2012,Polk County,NC
"37137","Pamlico County, North Carolina",55110,2012,Polk County,NC
"37047","Columbus County, North Carolina",45602,2012,Polk County,NC
"37127","Nash County, North Carolina",54494,2012,Polk County,NC
"37171","Surry County, North Carolina",45518,2012,Polk County,NC
"37007","Anson County, North Carolina",39422,2012,Polk County,NC
"37123","Montgomery County, North Carolina",41611,2012,Polk County,NC
"37063","Durham County, North Carolina",64930,2012,Polk County,NC
"37089","Henderson County, North Carolina",58806,2012,Polk County,NC
"37041","Chowan County, North Carolina",43835,2012,Polk County,NC
"37175","Transylvania County, North Carolina",51374,2012,Polk County,NC
"37139","Pasquotank County, North Carolina",55091,2012,Polk County,NC
"37185","Warren County, North Carolina",44347,2012,Polk County,NC
"37193","Wilkes County, North Carolina",41049,2012,Polk County,NC
"37109","Lincoln County, North Carolina",60124,2012,Polk County,NC
"37191","Wayne County, North Carolina",50778,2012,Polk County,NC
"37099","Jackson County, North Carolina",49097,2012,Polk County,NC
"37163","Sampson County, North Carolina",45796,2012,Polk County,NC
"37095","Hyde County, North Carolina",46250,2012,Polk County,NC
"37129","New Hanover County, North Carolina",67853,2012,Polk County,NC
"37115","Madison County, North Carolina",50041,2012,Polk County,NC
"37117","Martin County, North Carolina",45951,2012,Polk County,NC
"37135","Orange County, North Carolina",83967,2012,Polk County,NC
"37077","Granville County, North Carolina",56275,2012,Polk County,NC
"37067","Forsyth County, North Carolina",60094,2012,Polk County,NC
"37151","Randolph County, North Carolina",50602,2012,Polk County,NC
"37069","Franklin County, North Carolina",52504,2012,Polk County,NC
"37107","Lenoir County, North Carolina",44509,2012,Polk County,NC
"37027","Caldwell County, North Carolina",47892,2012,Polk County,NC
"37199","Yancey County, North Carolina",45233,2012,Polk County,NC
"37001","Alamance County, North Carolina",54335,2012,Polk County,NC
"37111","McDowell County, North Carolina",46827,2012,Polk County,NC
"37023","Burke County, North Carolina",48641,2012,Polk County,NC
"37037","Chatham County, North Carolina",66268,2012,Polk County,NC
"37181","Vance County, North Carolina",42416,2012,Polk County,NC
"37059","Davie County, North Carolina",61971,2012,Polk County,NC
"37167","Stanly County, North Carolina",56054,2012,Polk County,NC
"37195","Wilson County, North Carolina",47647,2012,Polk County,NC
"37197","Yadkin County, North Carolina",50954,2012,Polk County,NC
"37019","Brunswick County, North Carolina",53247,2012,Polk County,NC
"37045","Cleveland County, North Carolina",48191,2012,Polk County,NC
"37125","Moore County, North Carolina",62699,2012,Polk County,NC
"37141","Pender County, North Carolina",52897,2012,Polk County,NC
"37009","Ashe County, North Carolina",48339,2012,Polk County,NC
"37121","Mitchell County, North Carolina",43922,2012,Polk County,NC
"37153","Richmond County, North Carolina",40453,2012,Polk County,NC
"37103","Jones County, North Carolina",48720,2012,Polk County,NC
"37131","Northampton County, North Carolina",36585,2012,Polk County,NC
"37003","Alexander County, North Carolina",49603,2012,Polk County,NC
"37057","Davidson County, North Carolina",54667,2012,Polk County,NC
"37091","Hertford County, North Carolina",42911,2012,Polk County,NC
"37097","Iredell County, North Carolina",60641,2012,Polk County,NC
"37071","Gaston County, North Carolina",52484,2012,Polk County,NC
"37065","Edgecombe County, North Carolina",41605,2012,Polk County,NC
"37025","Cabarrus County, North Carolina",67052,2012,Polk County,NC
"37073","Gates County, North Carolina",58699,2012,Polk County,NC
"37021","Buncombe County, North Carolina",55754,2012,Polk County,NC
"37105","Lee County, North Carolina",55038,2012,Polk County,NC
"37145","Person County, North Carolina",51510,2012,Polk County,NC
"37187","Washington County, North Carolina",41161,2012,Polk County,NC
"37155","Robeson County, North Carolina",35549,2012,Polk County,NC
"37013","Beaufort County, North Carolina",49279,2012,Polk County,NC
"37143","Perquimans County, North Carolina",50730,2012,Polk County,NC
"37055","Dare County, North Carolina",66679,2012,Polk County,NC
"37165","Scotland County, North Carolina",36452,2012,Polk County,NC
"37133","Onslow County, North Carolina",50533,2012,Polk County,NC
"37161","Rutherford County, North Carolina",43438,2012,Polk County,NC
"37005","Alleghany County, North Carolina",38830,2012,Polk County,NC
"37177","Tyrrell County, North Carolina",39127,2012,Polk County,NC
"37157","Rockingham County, North Carolina",46911,2012,Polk County,NC
"37113","Macon County, North Carolina",46485,2012,Polk County,NC
"37169","Stokes County, North Carolina",48989,2012,Polk County,NC
"37119","Mecklenburg County, North Carolina",68238,2012,Polk County,NC
"37179","Union County, North Carolina",73203,2012,Polk County,NC
"37183","Wake County, North Carolina",83691,2012,Polk County,NC
"37031","Carteret County, North Carolina",58011,2012,Polk County,NC
"37051","Cumberland County, North Carolina",51800,2012,Polk County,NC
"37173","Swain County, North Carolina",54787,2012,Polk County,NC
"37015","Bertie County, North Carolina",40850,2013,Bertie County,NC
"37055","Dare County, North Carolina",64404,2013,Bertie County,NC
"37101","Johnston County, North Carolina",58463,2013,Bertie County,NC
"37111","McDowell County, North Carolina",45874,2013,Bertie County,NC
"37117","Martin County, North Carolina",44633,2013,Bertie County,NC
"37127","Nash County, North Carolina",52681,2013,Bertie County,NC
"37137","Pamlico County, North Carolina",54679,2013,Bertie County,NC
"37153","Richmond County, North Carolina",40322,2013,Bertie County,NC
"37167","Stanly County, North Carolina",54611,2013,Bertie County,NC
"37199","Yancey County, North Carolina",45693,2013,Bertie County,NC
"37001","Alamance County, North Carolina",53945,2013,Bertie County,NC
"37013","Beaufort County, North Carolina",49574,2013,Bertie County,NC
"37021","Buncombe County, North Carolina",56616,2013,Bertie County,NC
"37023","Burke County, North Carolina",49127,2013,Bertie County,NC
"37027","Caldwell County, North Carolina",46628,2013,Bertie County,NC
"37039","Cherokee County, North Carolina",43178,2013,Bertie County,NC
"37043","Clay County, North Carolina",46528,2013,Bertie County,NC
"37049","Craven County, North Carolina",55689,2013,Bertie County,NC
"37059","Davie County, North Carolina",58530,2013,Bertie County,NC
"37083","Halifax County, North Carolina",42607,2013,Bertie County,NC
"37087","Haywood County, North Carolina",52014,2013,Bertie County,NC
"37093","Hoke County, North Carolina",53584,2013,Bertie County,NC
"37095","Hyde County, North Carolina",42048,2013,Bertie County,NC
"37103","Jones County, North Carolina",49041,2013,Bertie County,NC
"37115","Madison County, North Carolina",49806,2013,Bertie County,NC
"37125","Moore County, North Carolina",62099,2013,Bertie County,NC
"37133","Onslow County, North Carolina",49819,2013,Bertie County,NC
"37141","Pender County, North Carolina",53740,2013,Bertie County,NC
"37155","Robeson County, North Carolina",35861,2013,Bertie County,NC
"37165","Scotland County, North Carolina",36073,2013,Bertie County,NC
"37175","Transylvania County, North Carolina",51702,2013,Bertie County,NC
"37009","Ashe County, North Carolina",47184,2013,Bertie County,NC
"37017","Bladen County, North Carolina",43210,2013,Bertie County,NC
"37019","Brunswick County, North Carolina",54220,2013,Bertie County,NC
"37065","Edgecombe County, North Carolina",42351,2013,Bertie County,NC
"37099","Jackson County, North Carolina",48568,2013,Bertie County,NC
"37119","Mecklenburg County, North Carolina",68083,2013,Bertie County,NC
"37121","Mitchell County, North Carolina",46432,2013,Bertie County,NC
"37129","New Hanover County, North Carolina",67938,2013,Bertie County,NC
"37131","Northampton County, North Carolina",37249,2013,Bertie County,NC
"37139","Pasquotank County, North Carolina",55554,2013,Bertie County,NC
"37147","Pitt County, North Carolina",56512,2013,Bertie County,NC
"37163","Sampson County, North Carolina",43557,2013,Bertie County,NC
"37193","Wilkes County, North Carolina",42083,2013,Bertie County,NC
"37029","Camden County, North Carolina",70025,2013,Bertie County,NC
"37057","Davidson County, North Carolina",54218,2013,Bertie County,NC
"37113","Macon County, North Carolina",45633,2013,Bertie County,NC
"37145","Person County, North Carolina",49521,2013,Bertie County,NC
"37173","Swain County, North Carolina",51589,2013,Bertie County,NC
"37031","Carteret County, North Carolina",57328,2013,Bertie County,NC
"37085","Harnett County, North Carolina",54000,2013,Bertie County,NC
"37051","Cumberland County, North Carolina",51944,2013,Bertie County,NC
"37161","Rutherford County, North Carolina",42636,2013,Bertie County,NC
"37061","Duplin County, North Carolina",42029,2013,Bertie County,NC
"37047","Columbus County, North Carolina",45865,2013,Bertie County,NC
"37089","Henderson County, North Carolina",57062,2013,Bertie County,NC
"37053","Currituck County, North Carolina",66626,2013,Bertie County,NC
"37123","Montgomery County, North Carolina",43038,2013,Bertie County,NC
"37075","Graham County, North Carolina",39580,2013,Bertie County,NC
"37005","Alleghany County, North Carolina",40767,2013,Bertie County,NC
"37025","Cabarrus County, North Carolina",66058,2013,Bertie County,NC
"37041","Chowan County, North Carolina",43512,2013,Bertie County,NC
"37045","Cleveland County, North Carolina",48723,2013,Bertie County,NC
"37071","Gaston County, North Carolina",51851,2013,Bertie County,NC
"37097","Iredell County, North Carolina",60413,2013,Bertie County,NC
"37157","Rockingham County, North Carolina",47715,2013,Bertie County,NC
"37183","Wake County, North Carolina",83568,2013,Bertie County,NC
"37011","Avery County, North Carolina",46847,2013,Bertie County,NC
"37033","Caswell County, North Carolina",45925,2013,Bertie County,NC
"37037","Chatham County, North Carolina",66875,2013,Bertie County,NC
"37063","Durham County, North Carolina",66448,2013,Bertie County,NC
"37067","Forsyth County, North Carolina",59764,2013,Bertie County,NC
"37069","Franklin County, North Carolina",51353,2013,Bertie County,NC
"37073","Gates County, North Carolina",53577,2013,Bertie County,NC
"37077","Granville County, North Carolina",54842,2013,Bertie County,NC
"37105","Lee County, North Carolina",55582,2013,Bertie County,NC
"37135","Orange County, North Carolina",84770,2013,Bertie County,NC
"37159","Rowan County, North Carolina",50537,2013,Bertie County,NC
"37169","Stokes County, North Carolina",50910,2013,Bertie County,NC
"37185","Warren County, North Carolina",44587,2013,Bertie County,NC
"37189","Watauga County, North Carolina",60066,2013,Bertie County,NC
"37195","Wilson County, North Carolina",47796,2013,Bertie County,NC
"37003","Alexander County, North Carolina",50123,2013,Bertie County,NC
"37151","Randolph County, North Carolina",50234,2013,Bertie County,NC
"37171","Surry County, North Carolina",44788,2013,Bertie County,NC
"37181","Vance County, North Carolina",41930,2013,Bertie County,NC
"37191","Wayne County, North Carolina",51391,2013,Bertie County,NC
"37007","Anson County, North Carolina",39667,2013,Bertie County,NC
"37035","Catawba County, North Carolina",54596,2013,Bertie County,NC
"37107","Lenoir County, North Carolina",45306,2013,Bertie County,NC
"37109","Lincoln County, North Carolina",60059,2013,Bertie County,NC
"37081","Guilford County, North Carolina",58551,2013,Bertie County,NC
"37079","Greene County, North Carolina",50781,2013,Bertie County,NC
"37179","Union County, North Carolina",74132,2013,Bertie County,NC
"37143","Perquimans County, North Carolina",51103,2013,Bertie County,NC
"37197","Yadkin County, North Carolina",50372,2013,Bertie County,NC
"37091","Hertford County, North Carolina",41713,2013,Bertie County,NC
"37187","Washington County, North Carolina",43636,2013,Bertie County,NC
"37149","Polk County, North Carolina",53909,2013,Bertie County,NC
"37177","Tyrrell County, North Carolina",38493,2013,Bertie County,NC
"37017","Bladen County, North Carolina",42572,2014,Bladen County,NC
"37043","Clay County, North Carolina",43841,2014,Bladen County,NC
"37047","Columbus County, North Carolina",44940,2014,Bladen County,NC
"37057","Davidson County, North Carolina",53410,2014,Bladen County,NC
"37087","Haywood County, North Carolina",51669,2014,Bladen County,NC
"37093","Hoke County, North Carolina",53102,2014,Bladen County,NC
"37103","Jones County, North Carolina",47734,2014,Bladen County,NC
"37117","Martin County, North Carolina",48828,2014,Bladen County,NC
"37127","Nash County, North Carolina",54314,2014,Bladen County,NC
"37133","Onslow County, North Carolina",50764,2014,Bladen County,NC
"37141","Pender County, North Carolina",55345,2014,Bladen County,NC
"37147","Pitt County, North Carolina",56537,2014,Bladen County,NC
"37163","Sampson County, North Carolina",42907,2014,Bladen County,NC
"37167","Stanly County, North Carolina",53843,2014,Bladen County,NC
"37173","Swain County, North Carolina",45183,2014,Bladen County,NC
"37179","Union County, North Carolina",73755,2014,Bladen County,NC
"37183","Wake County, North Carolina",84135,2014,Bladen County,NC
"37009","Ashe County, North Carolina",45716,2014,Bladen County,NC
"37015","Bertie County, North Carolina",38566,2014,Bladen County,NC
"37029","Camden County, North Carolina",71070,2014,Bladen County,NC
"37039","Cherokee County, North Carolina",43347,2014,Bladen County,NC
"37049","Craven County, North Carolina",55293,2014,Bladen County,NC
"37055","Dare County, North Carolina",63629,2014,Bladen County,NC
"37059","Davie County, North Carolina",59406,2014,Bladen County,NC
"37065","Edgecombe County, North Carolina",41748,2014,Bladen County,NC
"37075","Graham County, North Carolina",43083,2014,Bladen County,NC
"37085","Harnett County, North Carolina",53089,2014,Bladen County,NC
"37089","Henderson County, North Carolina",57566,2014,Bladen County,NC
"37095","Hyde County, North Carolina",48301,2014,Bladen County,NC
"37099","Jackson County, North Carolina",49661,2014,Bladen County,NC
"37119","Mecklenburg County, North Carolina",69166,2014,Bladen County,NC
"37121","Mitchell County, North Carolina",47687,2014,Bladen County,NC
"37129","New Hanover County, North Carolina",67149,2014,Bladen County,NC
"37131","Northampton County, North Carolina",38391,2014,Bladen County,NC
"37139","Pasquotank County, North Carolina",53942,2014,Bladen County,NC
"37149","Polk County, North Carolina",56690,2014,Bladen County,NC
"37155","Robeson County, North Carolina",36042,2014,Bladen County,NC
"37159","Rowan County, North Carolina",50283,2014,Bladen County,NC
"37161","Rutherford County, North Carolina",42951,2014,Bladen County,NC
"37165","Scotland County, North Carolina",36940,2014,Bladen County,NC
"37175","Transylvania County, North Carolina",52214,2014,Bladen County,NC
"37191","Wayne County, North Carolina",51196,2014,Bladen County,NC
"37013","Beaufort County, North Carolina",50831,2014,Bladen County,NC
"37021","Buncombe County, North Carolina",58127,2014,Bladen County,NC
"37027","Caldwell County, North Carolina",47028,2014,Bladen County,NC
"37031","Carteret County, North Carolina",58791,2014,Bladen County,NC
"37051","Cumberland County, North Carolina",52106,2014,Bladen County,NC
"37053","Currituck County, North Carolina",70882,2014,Bladen County,NC
"37061","Duplin County, North Carolina",43000,2014,Bladen County,NC
"37083","Halifax County, North Carolina",41823,2014,Bladen County,NC
"37091","Hertford County, North Carolina",40746,2014,Bladen County,NC
"37101","Johnston County, North Carolina",59852,2014,Bladen County,NC
"37107","Lenoir County, North Carolina",45131,2014,Bladen County,NC
"37115","Madison County, North Carolina",50301,2014,Bladen County,NC
"37123","Montgomery County, North Carolina",46909,2014,Bladen County,NC
"37125","Moore County, North Carolina",62914,2014,Bladen County,NC
"37137","Pamlico County, North Carolina",57513,2014,Bladen County,NC
"37193","Wilkes County, North Carolina",41389,2014,Bladen County,NC
"37199","Yancey County, North Carolina",47211,2014,Bladen County,NC
"37007","Anson County, North Carolina",39250,2014,Bladen County,NC
"37143","Perquimans County, North Carolina",51996,2014,Bladen County,NC
"37023","Burke County, North Carolina",49596,2014,Bladen County,NC
"37113","Macon County, North Carolina",47043,2014,Bladen County,NC
"37019","Brunswick County, North Carolina",55624,2014,Bladen County,NC
"37069","Franklin County, North Carolina",51267,2014,Bladen County,NC
"37111","McDowell County, North Carolina",45000,2014,Bladen County,NC
"37153","Richmond County, North Carolina",41752,2014,Bladen County,NC
"37003","Alexander County, North Carolina",52128,2014,Bladen County,NC
"37033","Caswell County, North Carolina",48678,2014,Bladen County,NC
"37063","Durham County, North Carolina",67131,2014,Bladen County,NC
"37077","Granville County, North Carolina",55253,2014,Bladen County,NC
"37157","Rockingham County, North Carolina",48003,2014,Bladen County,NC
"37187","Washington County, North Carolina",40789,2014,Bladen County,NC
"37079","Greene County, North Carolina",49877,2014,Bladen County,NC
"37105","Lee County, North Carolina",56370,2014,Bladen County,NC
"37145","Person County, North Carolina",50718,2014,Bladen County,NC
"37151","Randolph County, North Carolina",50930,2014,Bladen County,NC
"37181","Vance County, North Carolina",43836,2014,Bladen County,NC
"37001","Alamance County, North Carolina",53331,2014,Bladen County,NC
"37005","Alleghany County, North Carolina",41420,2014,Bladen County,NC
"37025","Cabarrus County, North Carolina",65267,2014,Bladen County,NC
"37035","Catawba County, North Carolina",54861,2014,Bladen County,NC
"37185","Warren County, North Carolina",44883,2014,Bladen County,NC
"37189","Watauga County, North Carolina",59972,2014,Bladen County,NC
"37195","Wilson County, North Carolina",46644,2014,Bladen County,NC
"37037","Chatham County, North Carolina",68910,2014,Bladen County,NC
"37041","Chowan County, North Carolina",44645,2014,Bladen County,NC
"37067","Forsyth County, North Carolina",60319,2014,Bladen County,NC
"37081","Guilford County, North Carolina",58310,2014,Bladen County,NC
"37097","Iredell County, North Carolina",61197,2014,Bladen County,NC
"37177","Tyrrell County, North Carolina",38690,2014,Bladen County,NC
"37073","Gates County, North Carolina",54985,2014,Bladen County,NC
"37045","Cleveland County, North Carolina",49550,2014,Bladen County,NC
"37109","Lincoln County, North Carolina",59516,2014,Bladen County,NC
"37171","Surry County, North Carolina",44673,2014,Bladen County,NC
"37135","Orange County, North Carolina",85866,2014,Bladen County,NC
"37169","Stokes County, North Carolina",50146,2014,Bladen County,NC
"37197","Yadkin County, North Carolina",47486,2014,Bladen County,NC
"37011","Avery County, North Carolina",45883,2014,Bladen County,NC
"37071","Gaston County, North Carolina",51726,2014,Bladen County,NC
"37027","Caldwell County, North Carolina",47815,2015,Caldwell County,NC
"37055","Dare County, North Carolina",63586,2015,Caldwell County,NC
"37059","Davie County, North Carolina",60137,2015,Caldwell County,NC
"37069","Franklin County, North Carolina",52848,2015,Caldwell County,NC
"37083","Halifax County, North Carolina",41449,2015,Caldwell County,NC
"37087","Haywood County, North Carolina",53449,2015,Caldwell County,NC
"37093","Hoke County, North Carolina",50890,2015,Caldwell County,NC
"37111","McDowell County, North Carolina",44487,2015,Caldwell County,NC
"37121","Mitchell County, North Carolina",49502,2015,Caldwell County,NC
"37127","Nash County, North Carolina",53329,2015,Caldwell County,NC
"37155","Robeson County, North Carolina",36903,2015,Caldwell County,NC
"37175","Transylvania County, North Carolina",52298,2015,Caldwell County,NC
"37199","Yancey County, North Carolina",45347,2015,Caldwell County,NC
"37013","Beaufort County, North Carolina",51361,2015,Caldwell County,NC
"37017","Bladen County, North Carolina",41501,2015,Caldwell County,NC
"37023","Burke County, North Carolina",50332,2015,Caldwell County,NC
"37057","Davidson County, North Carolina",53906,2015,Caldwell County,NC
"37061","Duplin County, North Carolina",42449,2015,Caldwell County,NC
"37065","Edgecombe County, North Carolina",41198,2015,Caldwell County,NC
"37075","Graham County, North Carolina",46140,2015,Caldwell County,NC
"37085","Harnett County, North Carolina",54864,2015,Caldwell County,NC
"37089","Henderson County, North Carolina",58428,2015,Caldwell County,NC
"37119","Mecklenburg County, North Carolina",70774,2015,Caldwell County,NC
"37129","New Hanover County, North Carolina",66764,2015,Caldwell County,NC
"37133","Onslow County, North Carolina",51012,2015,Caldwell County,NC
"37137","Pamlico County, North Carolina",54986,2015,Caldwell County,NC
"37143","Perquimans County, North Carolina",49000,2015,Caldwell County,NC
"37149","Polk County, North Carolina",53479,2015,Caldwell County,NC
"37153","Richmond County, North Carolina",38506,2015,Caldwell County,NC
"37161","Rutherford County, North Carolina",42886,2015,Caldwell County,NC
"37167","Stanly County, North Carolina",51864,2015,Caldwell County,NC
"37051","Cumberland County, North Carolina",51870,2015,Caldwell County,NC
"37139","Pasquotank County, North Carolina",52861,2015,Caldwell County,NC
"37015","Bertie County, North Carolina",40939,2015,Caldwell County,NC
"37101","Johnston County, North Carolina",59775,2015,Caldwell County,NC
"37125","Moore County, North Carolina",63254,2015,Caldwell County,NC
"37131","Northampton County, North Carolina",36998,2015,Caldwell County,NC
"37019","Brunswick County, North Carolina",57126,2015,Caldwell County,NC
"37047","Columbus County, North Carolina",44783,2015,Caldwell County,NC
"37147","Pitt County, North Carolina",56239,2015,Caldwell County,NC
"37173","Swain County, North Carolina",46841,2015,Caldwell County,NC
"37145","Person County, North Carolina",51122,2015,Caldwell County,NC
"37193","Wilkes County, North Carolina",43360,2015,Caldwell County,NC
"37183","Wake County, North Carolina",84442,2015,Caldwell County,NC
"37031","Carteret County, North Carolina",60560,2015,Caldwell County,NC
"37113","Macon County, North Carolina",47746,2015,Caldwell County,NC
"37179","Union County, North Carolina",74578,2015,Caldwell County,NC
"37189","Watauga County, North Carolina",60515,2015,Caldwell County,NC
"37141","Pender County, North Carolina",56277,2015,Caldwell County,NC
"37001","Alamance County, North Carolina",53234,2015,Caldwell County,NC
"37007","Anson County, North Carolina",40190,2015,Caldwell County,NC
"37025","Cabarrus County, North Carolina",66188,2015,Caldwell County,NC
"37035","Catawba County, North Carolina",54802,2015,Caldwell County,NC
"37097","Iredell County, North Carolina",63109,2015,Caldwell County,NC
"37169","Stokes County, North Carolina",50355,2015,Caldwell County,NC
"37185","Warren County, North Carolina",46250,2015,Caldwell County,NC
"37187","Washington County, North Carolina",43991,2015,Caldwell County,NC
"37191","Wayne County, North Carolina",50552,2015,Caldwell County,NC
"37003","Alexander County, North Carolina",49582,2015,Caldwell County,NC
"37005","Alleghany County, North Carolina",42962,2015,Caldwell County,NC
"37033","Caswell County, North Carolina",48125,2015,Caldwell County,NC
"37037","Chatham County, North Carolina",68564,2015,Caldwell County,NC
"37041","Chowan County, North Carolina",46401,2015,Caldwell County,NC
"37123","Montgomery County, North Carolina",47226,2015,Caldwell County,NC
"37163","Sampson County, North Carolina",43946,2015,Caldwell County,NC
"37117","Martin County, North Carolina",46342,2015,Caldwell County,NC
"37071","Gaston County, North Carolina",52227,2015,Caldwell County,NC
"37081","Guilford County, North Carolina",58378,2015,Caldwell County,NC
"37171","Surry County, North Carolina",46068,2015,Caldwell County,NC
"37177","Tyrrell County, North Carolina",36144,2015,Caldwell County,NC
"37181","Vance County, North Carolina",42931,2015,Caldwell County,NC
"37045","Cleveland County, North Carolina",49111,2015,Caldwell County,NC
"37073","Gates County, North Carolina",55237,2015,Caldwell County,NC
"37105","Lee County, North Carolina",55015,2015,Caldwell County,NC
"37079","Greene County, North Carolina",48294,2015,Caldwell County,NC
"37109","Lincoln County, North Carolina",60810,2015,Caldwell County,NC
"37197","Yadkin County, North Carolina",46704,2015,Caldwell County,NC
"37009","Ashe County, North Carolina",45510,2015,Caldwell County,NC
"37115","Madison County, North Carolina",50598,2015,Caldwell County,NC
"37151","Randolph County, North Carolina",51380,2015,Caldwell County,NC
"37063","Durham County, North Carolina",67880,2015,Caldwell County,NC
"37107","Lenoir County, North Carolina",43844,2015,Caldwell County,NC
"37067","Forsyth County, North Carolina",60148,2015,Caldwell County,NC
"37011","Avery County, North Carolina",46707,2015,Caldwell County,NC
"37077","Granville County, North Carolina",56988,2015,Caldwell County,NC
"37135","Orange County, North Carolina",86910,2015,Caldwell County,NC
"37029","Camden County, North Carolina",70532,2015,Caldwell County,NC
"37021","Buncombe County, North Carolina",58388,2015,Caldwell County,NC
"37043","Clay County, North Carolina",45435,2015,Caldwell County,NC
"37099","Jackson County, North Carolina",50768,2015,Caldwell County,NC
"37159","Rowan County, North Carolina",51296,2015,Caldwell County,NC
"37157","Rockingham County, North Carolina",47610,2015,Caldwell County,NC
"37195","Wilson County, North Carolina",48138,2015,Caldwell County,NC
"37049","Craven County, North Carolina",56550,2015,Caldwell County,NC
"37095","Hyde County, North Carolina",44801,2015,Caldwell County,NC
"37165","Scotland County, North Carolina",36870,2015,Caldwell County,NC
"37053","Currituck County, North Carolina",72680,2015,Caldwell County,NC
"37091","Hertford County, North Carolina",41278,2015,Caldwell County,NC
"37039","Cherokee County, North Carolina",43727,2015,Caldwell County,NC
"37103","Jones County, North Carolina",45308,2015,Caldwell County,NC
"37009","Ashe County, North Carolina",47509,2016,Ashe County,NC
"37017","Bladen County, North Carolina",41122,2016,Ashe County,NC
"37023","Burke County, North Carolina",49962,2016,Ashe County,NC
"37027","Caldwell County, North Carolina",49762,2016,Ashe County,NC
"37047","Columbus County, North Carolina",47048,2016,Ashe County,NC
"37091","Hertford County, North Carolina",44369,2016,Ashe County,NC
"37095","Hyde County, North Carolina",43143,2016,Ashe County,NC
"37105","Lee County, North Carolina",57288,2016,Ashe County,NC
"37115","Madison County, North Carolina",52474,2016,Ashe County,NC
"37121","Mitchell County, North Carolina",51302,2016,Ashe County,NC
"37139","Pasquotank County, North Carolina",55204,2016,Ashe County,NC
"37155","Robeson County, North Carolina",37897,2016,Ashe County,NC
"37163","Sampson County, North Carolina",45712,2016,Ashe County,NC
"37193","Wilkes County, North Carolina",46460,2016,Ashe County,NC
"37199","Yancey County, North Carolina",47924,2016,Ashe County,NC
"37007","Anson County, North Carolina",42500,2016,Ashe County,NC
"37019","Brunswick County, North Carolina",59436,2016,Ashe County,NC
"37021","Buncombe County, North Carolina",60556,2016,Ashe County,NC
"37029","Camden County, North Carolina",70822,2016,Ashe County,NC
"37031","Carteret County, North Carolina",62603,2016,Ashe County,NC
"37039","Cherokee County, North Carolina",45100,2016,Ashe County,NC
"37049","Craven County, North Carolina",55998,2016,Ashe County,NC
"37053","Currituck County, North Carolina",74304,2016,Ashe County,NC
"37055","Dare County, North Carolina",63667,2016,Ashe County,NC
"37059","Davie County, North Carolina",60516,2016,Ashe County,NC
"37075","Graham County, North Carolina",47188,2016,Ashe County,NC
"37079","Greene County, North Carolina",50981,2016,Ashe County,NC
"37089","Henderson County, North Carolina",59490,2016,Ashe County,NC
"37099","Jackson County, North Carolina",52771,2016,Ashe County,NC
"37103","Jones County, North Carolina",45574,2016,Ashe County,NC
"37113","Macon County, North Carolina",48465,2016,Ashe County,NC
"37119","Mecklenburg County, North Carolina",73250,2016,Ashe County,NC
"37127","Nash County, North Carolina",55079,2016,Ashe County,NC
"37131","Northampton County, North Carolina",38718,2016,Ashe County,NC
"37137","Pamlico County, North Carolina",55820,2016,Ashe County,NC
"37141","Pender County, North Carolina",58216,2016,Ashe County,NC
"37153","Richmond County, North Carolina",39759,2016,Ashe County,NC
"37165","Scotland County, North Carolina",37479,2016,Ashe County,NC
"37167","Stanly County, North Carolina",55209,2016,Ashe County,NC
"37175","Transylvania County, North Carolina",52765,2016,Ashe County,NC
"37087","Haywood County, North Carolina",55115,2016,Ashe County,NC
"37013","Beaufort County, North Carolina",51959,2016,Ashe County,NC
"37015","Bertie County, North Carolina",41704,2016,Ashe County,NC
"37043","Clay County, North Carolina",45906,2016,Ashe County,NC
"37129","New Hanover County, North Carolina",67451,2016,Ashe County,NC
"37159","Rowan County, North Carolina",52802,2016,Ashe County,NC
"37057","Davidson County, North Carolina",54909,2016,Ashe County,NC
"37037","Chatham County, North Carolina",71990,2016,Ashe County,NC
"37085","Harnett County, North Carolina",56496,2016,Ashe County,NC
"37125","Moore County, North Carolina",66449,2016,Ashe County,NC
"37093","Hoke County, North Carolina",50415,2016,Ashe County,NC
"37117","Martin County, North Carolina",45047,2016,Ashe County,NC
"37177","Tyrrell County, North Carolina",36958,2016,Ashe County,NC
"37051","Cumberland County, North Carolina",52339,2016,Ashe County,NC
"37111","McDowell County, North Carolina",45431,2016,Ashe County,NC
"37173","Swain County, North Carolina",44370,2016,Ashe County,NC
"37083","Halifax County, North Carolina",41656,2016,Ashe County,NC
"37123","Montgomery County, North Carolina",48113,2016,Ashe County,NC
"37161","Rutherford County, North Carolina",43697,2016,Ashe County,NC
"37101","Johnston County, North Carolina",61739,2016,Ashe County,NC
"37149","Polk County, North Carolina",55564,2016,Ashe County,NC
"37003","Alexander County, North Carolina",51893,2016,Ashe County,NC
"37033","Caswell County, North Carolina",48183,2016,Ashe County,NC
"37179","Union County, North Carolina",77361,2016,Ashe County,NC
"37061","Duplin County, North Carolina",42587,2016,Ashe County,NC
"37067","Forsyth County, North Carolina",60366,2016,Ashe County,NC
"37077","Granville County, North Carolina",59521,2016,Ashe County,NC
"37081","Guilford County, North Carolina",59701,2016,Ashe County,NC
"37135","Orange County, North Carolina",88887,2016,Ashe County,NC
"37145","Person County, North Carolina",52684,2016,Ashe County,NC
"37041","Chowan County, North Carolina",47605,2016,Ashe County,NC
"37069","Franklin County, North Carolina",53788,2016,Ashe County,NC
"37073","Gates County, North Carolina",60781,2016,Ashe County,NC
"37097","Iredell County, North Carolina",64736,2016,Ashe County,NC
"37001","Alamance County, North Carolina",54263,2016,Ashe County,NC
"37107","Lenoir County, North Carolina",47157,2016,Ashe County,NC
"37181","Vance County, North Carolina",42520,2016,Ashe County,NC
"37169","Stokes County, North Carolina",50820,2016,Ashe County,NC
"37011","Avery County, North Carolina",46516,2016,Ashe County,NC
"37025","Cabarrus County, North Carolina",70368,2016,Ashe County,NC
"37185","Warren County, North Carolina",46455,2016,Ashe County,NC
"37187","Washington County, North Carolina",42996,2016,Ashe County,NC
"37171","Surry County, North Carolina",48039,2016,Ashe County,NC
"37191","Wayne County, North Carolina",51424,2016,Ashe County,NC
"37065","Edgecombe County, North Carolina",40764,2016,Ashe County,NC
"37197","Yadkin County, North Carolina",48825,2016,Ashe County,NC
"37109","Lincoln County, North Carolina",59548,2016,Ashe County,NC
"37133","Onslow County, North Carolina",51654,2016,Ashe County,NC
"37147","Pitt County, North Carolina",58390,2016,Ashe County,NC
"37151","Randolph County, North Carolina",52877,2016,Ashe County,NC
"37157","Rockingham County, North Carolina",48962,2016,Ashe County,NC
"37195","Wilson County, North Carolina",50559,2016,Ashe County,NC
"37045","Cleveland County, North Carolina",49073,2016,Ashe County,NC
"37183","Wake County, North Carolina",88280,2016,Ashe County,NC
"37189","Watauga County, North Carolina",61445,2016,Ashe County,NC
"37071","Gaston County, North Carolina",53954,2016,Ashe County,NC
"37005","Alleghany County, North Carolina",45244,2016,Ashe County,NC
"37035","Catawba County, North Carolina",56497,2016,Ashe County,NC
"37063","Durham County, North Carolina",70724,2016,Ashe County,NC
"37143","Perquimans County, North Carolina",51453,2016,Ashe County,NC
"37027","Caldwell County, North Carolina",51132,2017,Caldwell County,NC
"37039","Cherokee County, North Carolina",48138,2017,Caldwell County,NC
"37049","Craven County, North Carolina",57991,2017,Caldwell County,NC
"37055","Dare County, North Carolina",65366,2017,Caldwell County,NC
"37059","Davie County, North Carolina",65039,2017,Caldwell County,NC
"37093","Hoke County, North Carolina",51560,2017,Caldwell County,NC
"37103","Jones County, North Carolina",47197,2017,Caldwell County,NC
"37111","McDowell County, North Carolina",46201,2017,Caldwell County,NC
"37117","Martin County, North Carolina",43801,2017,Caldwell County,NC
"37119","Mecklenburg County, North Carolina",76298,2017,Caldwell County,NC
"37165","Scotland County, North Carolina",41396,2017,Caldwell County,NC
"37175","Transylvania County, North Carolina",53407,2017,Caldwell County,NC
"37199","Yancey County, North Carolina",50285,2017,Caldwell County,NC
"37009","Ashe County, North Carolina",49846,2017,Caldwell County,NC
"37013","Beaufort County, North Carolina",54925,2017,Caldwell County,NC
"37017","Bladen County, North Carolina",45809,2017,Caldwell County,NC
"37053","Currituck County, North Carolina",77534,2017,Caldwell County,NC
"37057","Davidson County, North Carolina",56855,2017,Caldwell County,NC
"37065","Edgecombe County, North Carolina",42405,2017,Caldwell County,NC
"37075","Graham County, North Carolina",46551,2017,Caldwell County,NC
"37085","Harnett County, North Carolina",59322,2017,Caldwell County,NC
"37089","Henderson County, North Carolina",62338,2017,Caldwell County,NC
"37095","Hyde County, North Carolina",44038,2017,Caldwell County,NC
"37115","Madison County, North Carolina",52548,2017,Caldwell County,NC
"37123","Montgomery County, North Carolina",50787,2017,Caldwell County,NC
"37129","New Hanover County, North Carolina",70940,2017,Caldwell County,NC
"37133","Onslow County, North Carolina",53611,2017,Caldwell County,NC
"37137","Pamlico County, North Carolina",56919,2017,Caldwell County,NC
"37153","Richmond County, North Carolina",40794,2017,Caldwell County,NC
"37163","Sampson County, North Carolina",46384,2017,Caldwell County,NC
"37167","Stanly County, North Carolina",57153,2017,Caldwell County,NC
"37177","Tyrrell County, North Carolina",40439,2017,Caldwell County,NC
"37125","Moore County, North Carolina",69991,2017,Caldwell County,NC
"37015","Bertie County, North Carolina",42392,2017,Caldwell County,NC
"37101","Johnston County, North Carolina",64055,2017,Caldwell County,NC
"37131","Northampton County, North Carolina",41132,2017,Caldwell County,NC
"37021","Buncombe County, North Carolina",63477,2017,Caldwell County,NC
"37145","Person County, North Carolina",58161,2017,Caldwell County,NC
"37193","Wilkes County, North Carolina",49310,2017,Caldwell County,NC
"37019","Brunswick County, North Carolina",62728,2017,Caldwell County,NC
"37047","Columbus County, North Carolina",46723,2017,Caldwell County,NC
"37079","Greene County, North Carolina",50922,2017,Caldwell County,NC
"37147","Pitt County, North Carolina",60974,2017,Caldwell County,NC
"37173","Swain County, North Carolina",44885,2017,Caldwell County,NC
"37139","Pasquotank County, North Carolina",62381,2017,Caldwell County,NC
"37031","Carteret County, North Carolina",64555,2017,Caldwell County,NC
"37113","Macon County, North Carolina",51105,2017,Caldwell County,NC
"37121","Mitchell County, North Carolina",53071,2017,Caldwell County,NC
"37141","Pender County, North Carolina",63983,2017,Caldwell County,NC
"37001","Alamance County, North Carolina",56979,2017,Caldwell County,NC
"37025","Cabarrus County, North Carolina",72971,2017,Caldwell County,NC
"37035","Catawba County, North Carolina",60123,2017,Caldwell County,NC
"37097","Iredell County, North Carolina",68079,2017,Caldwell County,NC
"37169","Stokes County, North Carolina",54149,2017,Caldwell County,NC
"37179","Union County, North Carolina",81033,2017,Caldwell County,NC
"37189","Watauga County, North Carolina",65322,2017,Caldwell County,NC
"37005","Alleghany County, North Carolina",45078,2017,Caldwell County,NC
"37037","Chatham County, North Carolina",76535,2017,Caldwell County,NC
"37041","Chowan County, North Carolina",49248,2017,Caldwell County,NC
"37061","Duplin County, North Carolina",43675,2017,Caldwell County,NC
"37071","Gaston County, North Carolina",57309,2017,Caldwell County,NC
"37081","Guilford County, North Carolina",62796,2017,Caldwell County,NC
"37143","Perquimans County, North Carolina",50223,2017,Caldwell County,NC
"37149","Polk County, North Carolina",57113,2017,Caldwell County,NC
"37171","Surry County, North Carolina",50245,2017,Caldwell County,NC
"37181","Vance County, North Carolina",45302,2017,Caldwell County,NC
"37185","Warren County, North Carolina",48125,2017,Caldwell County,NC
"37187","Washington County, North Carolina",47851,2017,Caldwell County,NC
"37191","Wayne County, North Carolina",52507,2017,Caldwell County,NC
"37033","Caswell County, North Carolina",50848,2017,Caldwell County,NC
"37003","Alexander County, North Carolina",52770,2017,Caldwell County,NC
"37151","Randolph County, North Carolina",53203,2017,Caldwell County,NC
"37183","Wake County, North Carolina",91701,2017,Caldwell County,NC
"37105","Lee County, North Carolina",58523,2017,Caldwell County,NC
"37073","Gates County, North Carolina",64063,2017,Caldwell County,NC
"37045","Cleveland County, North Carolina",49448,2017,Caldwell County,NC
"37063","Durham County, North Carolina",75254,2017,Caldwell County,NC
"37107","Lenoir County, North Carolina",48262,2017,Caldwell County,NC
"37011","Avery County, North Carolina",45807,2017,Caldwell County,NC
"37077","Granville County, North Carolina",61537,2017,Caldwell County,NC
"37135","Orange County, North Carolina",91655,2017,Caldwell County,NC
"37109","Lincoln County, North Carolina",60965,2017,Caldwell County,NC
"37197","Yadkin County, North Carolina",50864,2017,Caldwell County,NC
"37067","Forsyth County, North Carolina",62424,2017,Caldwell County,NC
"37157","Rockingham County, North Carolina",52090,2017,Caldwell County,NC
"37195","Wilson County, North Carolina",52533,2017,Caldwell County,NC
"37083","Halifax County, North Carolina",42579,2017,Caldwell County,NC
"37155","Robeson County, North Carolina",40536,2017,Caldwell County,NC
"37023","Burke County, North Carolina",50962,2017,Caldwell County,NC
"37099","Jackson County, North Carolina",57134,2017,Caldwell County,NC
"37007","Anson County, North Carolina",46261,2017,Caldwell County,NC
"37127","Nash County, North Carolina",58840,2017,Caldwell County,NC
"37043","Clay County, North Carolina",47136,2017,Caldwell County,NC
"37091","Hertford County, North Carolina",43418,2017,Caldwell County,NC
"37029","Camden County, North Carolina",73639,2017,Caldwell County,NC
"37051","Cumberland County, North Carolina",52903,2017,Caldwell County,NC
"37159","Rowan County, North Carolina",57152,2017,Caldwell County,NC
"37087","Haywood County, North Carolina",56859,2017,Caldwell County,NC
"37161","Rutherford County, North Carolina",47796,2017,Caldwell County,NC
"37069","Franklin County, North Carolina",55985,2017,Caldwell County,NC
"37007","Anson County, North Carolina",49185,2018,Anson County,NC
"37027","Caldwell County, North Carolina",52676,2018,Anson County,NC
"37039","Cherokee County, North Carolina",51897,2018,Anson County,NC
"37049","Craven County, North Carolina",61215,2018,Anson County,NC
"37055","Dare County, North Carolina",69091,2018,Anson County,NC
"37059","Davie County, North Carolina",70606,2018,Anson County,NC
"37069","Franklin County, North Carolina",63504,2018,Anson County,NC
"37083","Halifax County, North Carolina",43366,2018,Anson County,NC
"37091","Hertford County, North Carolina",45173,2018,Anson County,NC
"37093","Hoke County, North Carolina",53818,2018,Anson County,NC
"37099","Jackson County, North Carolina",58862,2018,Anson County,NC
"37111","McDowell County, North Carolina",49808,2018,Anson County,NC
"37117","Martin County, North Carolina",47694,2018,Anson County,NC
"37127","Nash County, North Carolina",62644,2018,Anson County,NC
"37165","Scotland County, North Carolina",45775,2018,Anson County,NC
"37175","Transylvania County, North Carolina",56527,2018,Anson County,NC
"37199","Yancey County, North Carolina",52253,2018,Anson County,NC
"37009","Ashe County, North Carolina",53213,2018,Anson County,NC
"37013","Beaufort County, North Carolina",57601,2018,Anson County,NC
"37017","Bladen County, North Carolina",43021,2018,Anson County,NC
"37023","Burke County, North Carolina",53444,2018,Anson County,NC
"37037","Chatham County, North Carolina",80470,2018,Anson County,NC
"37043","Clay County, North Carolina",46906,2018,Anson County,NC
"37053","Currituck County, North Carolina",78500,2018,Anson County,NC
"37057","Davidson County, North Carolina",58394,2018,Anson County,NC
"37065","Edgecombe County, North Carolina",44618,2018,Anson County,NC
"37075","Graham County, North Carolina",47982,2018,Anson County,NC
"37085","Harnett County, North Carolina",60881,2018,Anson County,NC
"37089","Henderson County, North Carolina",67437,2018,Anson County,NC
"37095","Hyde County, North Carolina",49939,2018,Anson County,NC
"37103","Jones County, North Carolina",50637,2018,Anson County,NC
"37115","Madison County, North Carolina",55916,2018,Anson County,NC
"37123","Montgomery County, North Carolina",53175,2018,Anson County,NC
"37133","Onslow County, North Carolina",55650,2018,Anson County,NC
"37137","Pamlico County, North Carolina",58149,2018,Anson County,NC
"37149","Polk County, North Carolina",59392,2018,Anson County,NC
"37153","Richmond County, North Carolina",43789,2018,Anson County,NC
"37161","Rutherford County, North Carolina",51357,2018,Anson County,NC
"37163","Sampson County, North Carolina",49201,2018,Anson County,NC
"37177","Tyrrell County, North Carolina",49808,2018,Anson County,NC
"37029","Camden County, North Carolina",72031,2018,Anson County,NC
"37105","Lee County, North Carolina",58313,2018,Anson County,NC
"37125","Moore County, North Carolina",75306,2018,Anson County,NC
"37021","Buncombe County, North Carolina",66532,2018,Anson County,NC
"37107","Lenoir County, North Carolina",47842,2018,Anson County,NC
"37145","Person County, North Carolina",62717,2018,Anson County,NC
"37193","Wilkes County, North Carolina",53287,2018,Anson County,NC
"37015","Bertie County, North Carolina",46471,2018,Anson County,NC
"37101","Johnston County, North Carolina",65653,2018,Anson County,NC
"37131","Northampton County, North Carolina",43167,2018,Anson County,NC
"37159","Rowan County, North Carolina",59265,2018,Anson County,NC
"37183","Wake County, North Carolina",95958,2018,Anson County,NC
"37051","Cumberland County, North Carolina",54778,2018,Anson County,NC
"37139","Pasquotank County, North Carolina",61687,2018,Anson County,NC
"37019","Brunswick County, North Carolina",66349,2018,Anson County,NC
"37047","Columbus County, North Carolina",46838,2018,Anson County,NC
"37079","Greene County, North Carolina",51881,2018,Anson County,NC
"37147","Pitt County, North Carolina",60713,2018,Anson County,NC
"37173","Swain County, North Carolina",45606,2018,Anson County,NC
"37031","Carteret County, North Carolina",68380,2018,Anson County,NC
"37113","Macon County, North Carolina",54985,2018,Anson County,NC
"37001","Alamance County, North Carolina",60072,2018,Anson County,NC
"37189","Watauga County, North Carolina",68289,2018,Anson County,NC
"37121","Mitchell County, North Carolina",56584,2018,Anson County,NC
"37141","Pender County, North Carolina",67061,2018,Anson County,NC
"37087","Haywood County, North Carolina",62782,2018,Anson County,NC
"37155","Robeson County, North Carolina",41334,2018,Anson County,NC
"37097","Iredell County, North Carolina",70021,2018,Anson County,NC
"37169","Stokes County, North Carolina",56203,2018,Anson County,NC
"37179","Union County, North Carolina",85134,2018,Anson County,NC
"37025","Cabarrus County, North Carolina",77577,2018,Anson County,NC
"37035","Catawba County, North Carolina",62562,2018,Anson County,NC
"37143","Perquimans County, North Carolina",53926,2018,Anson County,NC
"37191","Wayne County, North Carolina",52655,2018,Anson County,NC
"37033","Caswell County, North Carolina",59358,2018,Anson County,NC
"37185","Warren County, North Carolina",50951,2018,Anson County,NC
"37187","Washington County, North Carolina",47376,2018,Anson County,NC
"37109","Lincoln County, North Carolina",63316,2018,Anson County,NC
"37197","Yadkin County, North Carolina",53855,2018,Anson County,NC
"37081","Guilford County, North Carolina",65102,2018,Anson County,NC
"37119","Mecklenburg County, North Carolina",79806,2018,Anson County,NC
"37171","Surry County, North Carolina",54619,2018,Anson County,NC
"37181","Vance County, North Carolina",48182,2018,Anson County,NC
"37005","Alleghany County, North Carolina",44276,2018,Anson County,NC
"37041","Chowan County, North Carolina",50544,2018,Anson County,NC
"37061","Duplin County, North Carolina",48274,2018,Anson County,NC
"37003","Alexander County, North Carolina",54984,2018,Anson County,NC
"37071","Gaston County, North Carolina",61391,2018,Anson County,NC
"37073","Gates County, North Carolina",61524,2018,Anson County,NC
"37157","Rockingham County, North Carolina",53131,2018,Anson County,NC
"37195","Wilson County, North Carolina",54864,2018,Anson County,NC
"37151","Randolph County, North Carolina",55003,2018,Anson County,NC
"37067","Forsyth County, North Carolina",64990,2018,Anson County,NC
"37045","Cleveland County, North Carolina",50716,2018,Anson County,NC
"37129","New Hanover County, North Carolina",72456,2018,Anson County,NC
"37167","Stanly County, North Carolina",59517,2018,Anson County,NC
"37063","Durham County, North Carolina",78049,2018,Anson County,NC
"37135","Orange County, North Carolina",96664,2018,Anson County,NC
"37011","Avery County, North Carolina",48229,2018,Anson County,NC
"37077","Granville County, North Carolina",65659,2018,Anson County,NC
"37039","Cherokee County, North Carolina",52818,2019,Cherokee County,NC
"37159","Rowan County, North Carolina",60743,2019,Cherokee County,NC
"37171","Surry County, North Carolina",59488,2019,Cherokee County,NC
"37107","Lenoir County, North Carolina",50410,2019,Cherokee County,NC
"37017","Bladen County, North Carolina",47038,2019,Cherokee County,NC
"37193","Wilkes County, North Carolina",56068,2019,Cherokee County,NC
"37111","McDowell County, North Carolina",54217,2019,Cherokee County,NC
"37089","Henderson County, North Carolina",71907,2019,Cherokee County,NC
"37167","Stanly County, North Carolina",64663,2019,Cherokee County,NC
"37175","Transylvania County, North Carolina",61739,2019,Cherokee County,NC
"37105","Lee County, North Carolina",59667,2019,Cherokee County,NC
"37165","Scotland County, North Carolina",46406,2019,Cherokee County,NC
"37139","Pasquotank County, North Carolina",66242,2019,Cherokee County,NC
"37131","Northampton County, North Carolina",44923,2019,Cherokee County,NC
"37115","Madison County, North Carolina",62865,2019,Cherokee County,NC
"37119","Mecklenburg County, North Carolina",83557,2019,Cherokee County,NC
"37183","Wake County, North Carolina",100539,2019,Cherokee County,NC
"37163","Sampson County, North Carolina",52417,2019,Cherokee County,NC
"37021","Buncombe County, North Carolina",67614,2019,Cherokee County,NC
"37173","Swain County, North Carolina",53497,2019,Cherokee County,NC
"37179","Union County, North Carolina",91381,2019,Cherokee County,NC
"37147","Pitt County, North Carolina",64059,2019,Cherokee County,NC
"37083","Halifax County, North Carolina",44719,2019,Cherokee County,NC
"37079","Greene County, North Carolina",54979,2019,Cherokee County,NC
"37127","Nash County, North Carolina",63539,2019,Cherokee County,NC
"37141","Pender County, North Carolina",72418,2019,Cherokee County,NC
"37023","Burke County, North Carolina",55817,2019,Cherokee County,NC
"37161","Rutherford County, North Carolina",53754,2019,Cherokee County,NC
"37129","New Hanover County, North Carolina",76736,2019,Cherokee County,NC
"37123","Montgomery County, North Carolina",56028,2019,Cherokee County,NC
"37051","Cumberland County, North Carolina",55965,2019,Cherokee County,NC
"37087","Haywood County, North Carolina",66176,2019,Cherokee County,NC
"37053","Currituck County, North Carolina",80534,2019,Cherokee County,NC
"37037","Chatham County, North Carolina",83963,2019,Cherokee County,NC
"37125","Moore County, North Carolina",76561,2019,Cherokee County,NC
"37157","Rockingham County, North Carolina",54720,2019,Cherokee County,NC
"37155","Robeson County, North Carolina",44100,2019,Cherokee County,NC
"37121","Mitchell County, North Carolina",59607,2019,Cherokee County,NC
"37199","Yancey County, North Carolina",56590,2019,Cherokee County,NC
"37007","Anson County, North Carolina",51159,2019,Cherokee County,NC
"37093","Hoke County, North Carolina",56565,2019,Cherokee County,NC
"37117","Martin County, North Carolina",47227,2019,Cherokee County,NC
"37153","Richmond County, North Carolina",46669,2019,Cherokee County,NC
"37055","Dare County, North Carolina",70946,2019,Cherokee County,NC
"37029","Camden County, North Carolina",75844,2019,Cherokee County,NC
"37149","Polk County, North Carolina",59966,2019,Cherokee County,NC
"37065","Edgecombe County, North Carolina",45005,2019,Cherokee County,NC
"37069","Franklin County, North Carolina",66664,2019,Cherokee County,NC
"37075","Graham County, North Carolina",49608,2019,Cherokee County,NC
"37047","Columbus County, North Carolina",48655,2019,Cherokee County,NC
"37015","Bertie County, North Carolina",51118,2019,Cherokee County,NC
"37133","Onslow County, North Carolina",56784,2019,Cherokee County,NC
"37085","Harnett County, North Carolina",64398,2019,Cherokee County,NC
"37103","Jones County, North Carolina",51423,2019,Cherokee County,NC
"37057","Davidson County, North Carolina",60913,2019,Cherokee County,NC
"37091","Hertford County, North Carolina",48630,2019,Cherokee County,NC
"37019","Brunswick County, North Carolina",71857,2019,Cherokee County,NC
"37031","Carteret County, North Carolina",71425,2019,Cherokee County,NC
"37043","Clay County, North Carolina",51833,2019,Cherokee County,NC
"37101","Johnston County, North Carolina",69409,2019,Cherokee County,NC
"37099","Jackson County, North Carolina",62387,2019,Cherokee County,NC
"37013","Beaufort County, North Carolina",59555,2019,Cherokee County,NC
"37137","Pamlico County, North Carolina",61037,2019,Cherokee County,NC
"37059","Davie County, North Carolina",72599,2019,Cherokee County,NC
"37113","Macon County, North Carolina",57171,2019,Cherokee County,NC
"37009","Ashe County, North Carolina",53859,2019,Cherokee County,NC
"37049","Craven County, North Carolina",64514,2019,Cherokee County,NC
"37177","Tyrrell County, North Carolina",50541,2019,Cherokee County,NC
"37067","Forsyth County, North Carolina",67362,2019,Cherokee County,NC
"37077","Granville County, North Carolina",67290,2019,Cherokee County,NC
"37001","Alamance County, North Carolina",65056,2019,Cherokee County,NC
"37063","Durham County, North Carolina",81263,2019,Cherokee County,NC
"37041","Chowan County, North Carolina",52111,2019,Cherokee County,NC
"37011","Avery County, North Carolina",49650,2019,Cherokee County,NC
"37181","Vance County, North Carolina",49365,2019,Cherokee County,NC
"37195","Wilson County, North Carolina",58723,2019,Cherokee County,NC
"37185","Warren County, North Carolina",51373,2019,Cherokee County,NC
"37197","Yadkin County, North Carolina",55680,2019,Cherokee County,NC
"37189","Watauga County, North Carolina",73947,2019,Cherokee County,NC
"37045","Cleveland County, North Carolina",52389,2019,Cherokee County,NC
"37151","Randolph County, North Carolina",57186,2019,Cherokee County,NC
"37035","Catawba County, North Carolina",64038,2019,Cherokee County,NC
"37027","Caldwell County, North Carolina",55308,2019,Cherokee County,NC
"37169","Stokes County, North Carolina",59026,2019,Cherokee County,NC
"37135","Orange County, North Carolina",104981,2019,Cherokee County,NC
"37145","Person County, North Carolina",65704,2019,Cherokee County,NC
"37109","Lincoln County, North Carolina",70706,2019,Cherokee County,NC
"37061","Duplin County, North Carolina",52583,2019,Cherokee County,NC
"37187","Washington County, North Carolina",48774,2019,Cherokee County,NC
"37081","Guilford County, North Carolina",67355,2019,Cherokee County,NC
"37143","Perquimans County, North Carolina",62641,2019,Cherokee County,NC
"37005","Alleghany County, North Carolina",43897,2019,Cherokee County,NC
"37033","Caswell County, North Carolina",59676,2019,Cherokee County,NC
"37025","Cabarrus County, North Carolina",81928,2019,Cherokee County,NC
"37095","Hyde County, North Carolina",46838,2019,Cherokee County,NC
"37073","Gates County, North Carolina",61250,2019,Cherokee County,NC
"37191","Wayne County, North Carolina",54585,2019,Cherokee County,NC
"37071","Gaston County, North Carolina",64608,2019,Cherokee County,NC
"37003","Alexander County, North Carolina",60331,2019,Cherokee County,NC
"37097","Iredell County, North Carolina",73793,2019,Cherokee County,NC
"37039","Cherokee County, North Carolina",52797,2020,Cherokee County,NC
"37089","Henderson County, North Carolina",71966,2020,Cherokee County,NC
"37171","Surry County, North Carolina",62889,2020,Cherokee County,NC
"37131","Northampton County, North Carolina",48815,2020,Cherokee County,NC
"37177","Tyrrell County, North Carolina",52016,2020,Cherokee County,NC
"37043","Clay County, North Carolina",54777,2020,Cherokee County,NC
"37075","Graham County, North Carolina",51116,2020,Cherokee County,NC
"37031","Carteret County, North Carolina",74417,2020,Cherokee County,NC
"37007","Anson County, North Carolina",52429,2020,Cherokee County,NC
"37183","Wake County, North Carolina",104072,2020,Cherokee County,NC
"37083","Halifax County, North Carolina",45252,2020,Cherokee County,NC
"37125","Moore County, North Carolina",82797,2020,Cherokee County,NC
"37065","Edgecombe County, North Carolina",47094,2020,Cherokee County,NC
"37107","Lenoir County, North Carolina",53964,2020,Cherokee County,NC
"37193","Wilkes County, North Carolina",57667,2020,Cherokee County,NC
"37069","Franklin County, North Carolina",70061,2020,Cherokee County,NC
"37117","Martin County, North Carolina",50769,2020,Cherokee County,NC
"37137","Pamlico County, North Carolina",64508,2020,Cherokee County,NC
"37149","Polk County, North Carolina",65766,2020,Cherokee County,NC
"37175","Transylvania County, North Carolina",64537,2020,Cherokee County,NC
"37143","Perquimans County, North Carolina",61471,2020,Cherokee County,NC
"37047","Columbus County, North Carolina",50411,2020,Cherokee County,NC
"37161","Rutherford County, North Carolina",53158,2020,Cherokee County,NC
"37155","Robeson County, North Carolina",44909,2020,Cherokee County,NC
"37133","Onslow County, North Carolina",57756,2020,Cherokee County,NC
"37113","Macon County, North Carolina",60288,2020,Cherokee County,NC
"37091","Hertford County, North Carolina",53174,2020,Cherokee County,NC
"37127","Nash County, North Carolina",61229,2020,Cherokee County,NC
"37101","Johnston County, North Carolina",74922,2020,Cherokee County,NC
"37111","McDowell County, North Carolina",54824,2020,Cherokee County,NC
"37021","Buncombe County, North Carolina",73274,2020,Cherokee County,NC
"37153","Richmond County, North Carolina",51754,2020,Cherokee County,NC
"37027","Caldwell County, North Carolina",56738,2020,Cherokee County,NC
"37067","Forsyth County, North Carolina",68887,2020,Cherokee County,NC
"37093","Hoke County, North Carolina",62789,2020,Cherokee County,NC
"37085","Harnett County, North Carolina",67029,2020,Cherokee County,NC
"37087","Haywood County, North Carolina",66508,2020,Cherokee County,NC
"37123","Montgomery County, North Carolina",55331,2020,Cherokee County,NC
"37103","Jones County, North Carolina",55256,2020,Cherokee County,NC
"37167","Stanly County, North Carolina",68491,2020,Cherokee County,NC
"37079","Greene County, North Carolina",55636,2020,Cherokee County,NC
"37017","Bladen County, North Carolina",47105,2020,Cherokee County,NC
"37013","Beaufort County, North Carolina",61890,2020,Cherokee County,NC
"37053","Currituck County, North Carolina",87778,2020,Cherokee County,NC
"37041","Chowan County, North Carolina",54538,2020,Cherokee County,NC
"37019","Brunswick County, North Carolina",71988,2020,Cherokee County,NC
"37009","Ashe County, North Carolina",53971,2020,Cherokee County,NC
"37141","Pender County, North Carolina",74992,2020,Cherokee County,NC
"37051","Cumberland County, North Carolina",57586,2020,Cherokee County,NC
"37163","Sampson County, North Carolina",52517,2020,Cherokee County,NC
"37023","Burke County, North Carolina",56197,2020,Cherokee County,NC
"37035","Catawba County, North Carolina",66210,2020,Cherokee County,NC
"37037","Chatham County, North Carolina",88206,2020,Cherokee County,NC
"37099","Jackson County, North Carolina",63715,2020,Cherokee County,NC
"37055","Dare County, North Carolina",78462,2020,Cherokee County,NC
"37179","Union County, North Carolina",94299,2020,Cherokee County,NC
"37095","Hyde County, North Carolina",51471,2020,Cherokee County,NC
"37029","Camden County, North Carolina",69068,2020,Cherokee County,NC
"37199","Yancey County, North Carolina",59923,2020,Cherokee County,NC
"37165","Scotland County, North Carolina",46269,2020,Cherokee County,NC
"37139","Pasquotank County, North Carolina",72184,2020,Cherokee County,NC
"37061","Duplin County, North Carolina",55763,2020,Cherokee County,NC
"37173","Swain County, North Carolina",63789,2020,Cherokee County,NC
"37129","New Hanover County, North Carolina",79830,2020,Cherokee County,NC
"37115","Madison County, North Carolina",69681,2020,Cherokee County,NC
"37159","Rowan County, North Carolina",62091,2020,Cherokee County,NC
"37049","Craven County, North Carolina",66298,2020,Cherokee County,NC
"37119","Mecklenburg County, North Carolina",85793,2020,Cherokee County,NC
"37071","Gaston County, North Carolina",66558,2020,Cherokee County,NC
"37005","Alleghany County, North Carolina",46953,2020,Cherokee County,NC
"37169","Stokes County, North Carolina",59377,2020,Cherokee County,NC
"37033","Caswell County, North Carolina",60319,2020,Cherokee County,NC
"37003","Alexander County, North Carolina",63295,2020,Cherokee County,NC
"37121","Mitchell County, North Carolina",61051,2020,Cherokee County,NC
"37077","Granville County, North Carolina",67213,2020,Cherokee County,NC
"37185","Warren County, North Carolina",50454,2020,Cherokee County,NC
"37045","Cleveland County, North Carolina",55121,2020,Cherokee County,NC
"37059","Davie County, North Carolina",73817,2020,Cherokee County,NC
"37147","Pitt County, North Carolina",63272,2020,Cherokee County,NC
"37195","Wilson County, North Carolina",60313,2020,Cherokee County,NC
"37057","Davidson County, North Carolina",63302,2020,Cherokee County,NC
"37135","Orange County, North Carolina",104734,2020,Cherokee County,NC
"37105","Lee County, North Carolina",59013,2020,Cherokee County,NC
"37073","Gates County, North Carolina",58200,2020,Cherokee County,NC
"37157","Rockingham County, North Carolina",55678,2020,Cherokee County,NC
"37145","Person County, North Carolina",70814,2020,Cherokee County,NC
"37151","Randolph County, North Carolina",57375,2020,Cherokee County,NC
"37181","Vance County, North Carolina",51913,2020,Cherokee County,NC
"37187","Washington County, North Carolina",47385,2020,Cherokee County,NC
"37011","Avery County, North Carolina",56060,2020,Cherokee County,NC
"37081","Guilford County, North Carolina",70547,2020,Cherokee County,NC
"37109","Lincoln County, North Carolina",72078,2020,Cherokee County,NC
"37025","Cabarrus County, North Carolina",85479,2020,Cherokee County,NC
"37191","Wayne County, North Carolina",59689,2020,Cherokee County,NC
"37189","Watauga County, North Carolina",75042,2020,Cherokee County,NC
"37097","Iredell County, North Carolina",73346,2020,Cherokee County,NC
"37001","Alamance County, North Carolina",66737,2020,Cherokee County,NC
"37015","Bertie County, North Carolina",48806,2020,Cherokee County,NC
"37063","Durham County, North Carolina",83872,2020,Cherokee County,NC
"37197","Yadkin County, North Carolina",63053,2020,Cherokee County,NC
